FLSAF4818010,AF 4818-PbF Soldering Flux (10L HDPE drum),soldering flux AF 4818-PbF 10L HDPE drum
FLSAF4818001,AF 4818-PbF Soldering Flux (1L HDPE bottle),soldering flux AF 4818-PbF 1L HDPE bottle
RP920SC,De-oxidising gel IF 920 (10cc syringe),deoxidation gel IF 920 10cc syringe
RP930SOLO10,De-Oxidising gel IF 930 (10cc syringe All in One),deoxidation gel IF 930 10cc syringe all-in-one
RP930SC,De-Oxidising gel IF 930 (10cc syringe),deoxidation gel IF 930 10cc syringe
RP930SOLO30,De-Oxidising gel IF 930 (30cc syringe All in One),deoxidation gel IF 930 30cc syringe all-in-one
RP930SD,De-Oxidising gel IF 930 (30cc syringe),deoxidation gel IF 930 30cc syringe
SWAQ401825SAC3150,"Aquasol 4018 Sn96,5Ag3Cu0,5  1,5mm (2,5%) Solderwire (500g spool)","solder wire Aquasol 4018 Sn96,5Ag3Cu0,5 1,5mm 2,5% 500g spool"
SP5503RAC3T4,"Delphine 5503 Sn96,5Ag3Cu0,5 - type 4 - 88% - Solderpaste (500g jar)","solder paste Delphine 5503 Sn96,5Ag3Cu0,5 88% 500g jar"
SDP7030,"µ- dIFe 7 Sn96,5Ag3Cu0,5 - type 5 - Dip Paste (30cc syr all in one)","dip paste µ-dIFe 7 Sn96,5Ag3Cu0,5 30cc syringe all-in-one"
SDP7005,"µ- dIFe 7 Sn96,5Ag3Cu0,5 - type 5 - Dip Paste (5cc syr all in one)","dip paste µ-dIFe 7 Sn96,5Ag3Cu0,5 5cc syringe all-in-one"
SP5503RAC3,"Delphine 5503 Sn96,5Ag3Cu0,5 type 3 -88% Solderpaste (500g jar)","solder paste Delphine 5503 Sn96,5Ag3Cu0,5 88% 500g jar"
SP5503SCAC3,"Delphine 5503 Sn96,5Ag3Cu0,5 -type3- 84% - Solderpaste (10cc syringe)","solder paste Delphine 5503 Sn96,5Ag3Cu0,5 84% 10cc syringe"
SP5504SN5/91,"Delphine 5504 Sn5Pb92,5Ag2,5 - type 3 - 91% Solderpaste (500g jar)","solder paste Delphine 5504 Sn5Pb92,5Ag2,5 91% 500g jar"
SP5504QAC3,"Delphine 5504 Sn96,5Ag3Cu0,5 - type 3 - 88% - Solderpaste (250g jars)","solder paste Delphine 5504 Sn96,5Ag3Cu0,5 88% 250g jar"
SP5504RAC3,"Delphine 5504 Sn96,5Ag3Cu0,5 - type 3 - 88% - Solderpaste (500g jar)","solder paste Delphine 5504 Sn96,5Ag3Cu0,5 88% 500g jar"
SP5505ATJ,DP 5505 AT Sn62Pb36Ag2 - type 3 - 90% Solderpaste (250g jar),solder paste DP 5505 Sn62Pb36Ag2 90% 250g jar
SP5505ATK,DP 5505 AT Sn62Pb36Ag2 - type 3 - 90% Solderpaste (500g jar),solder paste DP 5505 Sn62Pb36Ag2 90% 500g jar
SP5505J,DP 5505 Sn62Pb36Ag2 - type 3 - 90% Solderpaste (250g jar),solder paste DP 5505 Sn62Pb36Ag2 90% 250g jar
SWAQ401825SN63150,"Aquasol 4018 Sn63Pb37 1,5mm (2,5%) solderwire (500g spool)","solder wire Aquasol 4018 Sn63Pb37 1,5mm 2,5% 500g spool"
SP5505ATKT4,DP 5505 AT Sn62Pb36Ag2 - type 4 - 90% Solderpaste (500g jar),solder paste DP 5505 Sn62Pb36Ag2 90% 500g jar
SP5505AT0.4K,"DP 5505 Sn62,8Pb36,8Ag0,4 - type 3 - 90% Solderpaste (500g jar)","solder paste DP 5505 Sn62,8Pb36,8Ag0,4 90% 500g jar"
SP5505SC,DP 5505 Sn62Pb36Ag2 - type 3 - 87% Solderpaste (10cc syringe),solder paste DP 5505 Sn62Pb36Ag2 87% 10cc syringe
SP5505K,DP 5505 Sn62Pb36Ag2 - type 3 - 90% Solderpaste (500g jar),solder paste DP 5505 Sn62Pb36Ag2 90% 500g jar
SP5505SCT4,DP 5505 Sn62Pb36Ag2 - type 4 - 87% Solderpaste (10 cc syringe),solder paste DP 5505 Sn62Pb36Ag2 87% 10cc syringe
SWBR135SAC300K04,"Bright1 (3,5%) Sn95,5Ag3,8Cu0,7 3,0mm Solderwire (3,5kg green spool)","solder wire Bright 1 Sn95,5Ag3,8Cu0,7 3,0mm 3,5% 3,5kg green spool"
SP5505NA+,"DP 5505 Sn95,8Ag4,2 - type 3 - 88,5% - Solderpaste (500g jar)","solder paste DP 5505 Sn95,8Ag4,2 88,5% 500g jar"
SP5505SBAC3/85,"DP 5505 Sn96,5Ag3Cu0,5 - type 3 - 85% Solderpaste (5cc syringe)","solder paste DP 5505 Sn96,5Ag3Cu0,5 85% 5cc syringe"
SP5505PAC3S2,"DP 5505 Sn96,5Ag3Cu0,5 - type 3 - 88,5% Solderpaste (1,2kg cartridge)","solder paste DP 5505 Sn96,5Ag3Cu0,5 88,5% 1,2kg cartridge"
SP5505PAC3S,"DP 5505 Sn96,5Ag3Cu0,5 - type 3 - 88,5% Solderpaste (1kg cartridge)","solder paste DP 5505 Sn96,5Ag3Cu0,5 88,5% 1kg cartridge"
SP5505MAC3,"DP 5505 Sn96,5Ag3Cu0,5 - type 3 - 88,5% Solderpaste (250g jar)","solder paste DP 5505 Sn96,5Ag3Cu0,5 88,5% 250g jar"
SP5505NAC3,"DP 5505 Sn96,5Ag3Cu0,5 - type 3 - 88,5% Solderpaste (500g jar)","solder paste DP 5505 Sn96,5Ag3Cu0,5 88,5% 500g jar"
SP5505SCAC3T4/85FI,"DP 5505 Sn96,5Ag3Cu0,5 - type 4 - 85% Solderpaste (10cc Poly-syringe)","solder paste DP 5505 Sn96,5Ag3Cu0,5 85% 10cc Poly-syringe"
SP5505SCAC3T4/85,"DP 5505 Sn96,5Ag3Cu0,5 - type 4 - 85% Solderpaste (10cc syringe)","solder paste DP 5505 Sn96,5Ag3Cu0,5 85% 10cc syringe"
SP5505PAC3ST4,"DP 5505 Sn96,5Ag3Cu0,5 - type 4 - 88,5% Solderpaste (1kg cart)","solder paste DP 5505 Sn96,5Ag3Cu0,5 88,5% 1kg cartridge"
SP5505MAC3T4,"DP 5505 Sn96,5Ag3Cu0,5 - type 4 - 88,5% Solderpaste (250g jar)","solder paste DP 5505 Sn96,5Ag3Cu0,5 88,5% 250g jar"
SP5505NAC3T4,"DP 5505 Sn96,5Ag3Cu0,5 - type 4 - 88,5% Solderpaste (500g jar)","solder paste DP 5505 Sn96,5Ag3Cu0,5 88,5% 500g jar"
SP5505SCAC3T5/85,"DP 5505 Sn96,5Ag3Cu0,5 - type 5 - 85% Solderpaste (10cc syringe)","solder paste DP 5505 Sn96,5Ag3Cu0,5 85% 10cc syringe"
SP5505NAC3T5,"DP 5505 Sn96,5Ag3Cu0,5 - type 5 - 88,5% Solderpaste (500g jar)","solder paste DP 5505 Sn96,5Ag3Cu0,5 88,5% 500g jar"
SP5505OCAC3T4/85,"DP 5505 Sn96,5Ag3Cu0,5-type4-85% Solderpaste - Optimum-spuit 10cc","solder paste DP 5505 Sn96,5Ag3Cu0,5 85% 10cc Optimum syringe"
SP5505NA.3C.7,"DP 5505 Sn99Ag0,3Cu0,7 - type 3 - 88,5% Solderpaste (500g jar)","solder paste DP 5505 Sn99Ag0,3Cu0,7 88,5% 500g jar"
SP5505ICED.5N,"DP 5505IC ed.5 Sn62Pb36Ag2 - type 3 - 89,5% Solderpaste (500g jar)","solder paste DP 5505 Sn62Pb36Ag2 89,5% 500g jar"
SP5505ICED.5SCAC3/,"DP 5505IC ed.5 Sn96,5Ag3Cu0,5 - type 3 - 85% -Solderpaste (10cc syr)","solder paste DP 5505 Sn96,5Ag3Cu0,5 85% 10cc syringe"
SP5505SDT4,DP 5505 Sn62Pb36Ag2 - type 4 - 87% Solderpaste (30cc syringe),solder paste DP 5505 Sn62Pb36Ag2 87% 30cc syringe
SP5505KT4,DP 5505 Sn62Pb36Ag2 - type 4 - 90% Solderpaste (500g jar),solder paste DP 5505 Sn62Pb36Ag2 90% 500g jar
SP5505IDT4,DP 5505 Sn62Pb36Ag2 - type 4-87% Solderpaste (30cc Iwashita syringe),solder paste DP 5505 Sn62Pb36Ag2 87% 30cc Iwashita syringe
SP5505KT5,DP 5505 Sn62Pb36Ag2 - type 5 - 90% Solderpaste (500g jar),solder paste DP 5505 Sn62Pb36Ag2 90% 500g jar
SP5505U,DP 5505 Sn63Pb37 - type 3 - 90% Solderpaste (500g jar),solder paste DP 5505 Sn63Pb37 90% 500g jar
SP5505SCAC4T5,"DP 5505 Sn95,5Ag4Cu0,5 - type 5 - 85% Solderpaste (10cc syringe)","solder paste DP 5505 Sn95,5Ag4Cu0,5 85% 10cc syringe"
SP5505MAC4T5,"DP 5505 Sn95,5Ag4Cu0,5 - type 5 - 88,5% Solderpaste (250g jar)","solder paste DP 5505 Sn95,5Ag4Cu0,5 88,5% 250g jar"
SP5505SCAC3/85,"DP 5505 Sn96,5Ag3Cu0,5 - type 3 - 85% - Solderpaste (10cc syringe)","solder paste DP 5505 Sn96,5Ag3Cu0,5 85% 10cc syringe"
FLS5821010.,FL 5821 Soldering Flux (10L HDPE drum),soldering flux FL 5821 10L HDPE drum
FLS5821001,FL 5821 Soldering Flux (1L HDPE bottle),soldering flux FL 5821 1L HDPE bottle
FLS5821025.,FL 5821 Soldering Flux (25L HDPE drum),soldering flux FL 5821 25L HDPE drum
SP5505ICED.5NA.3C.,"DP 5505IC ed.5 Sn99Ag0,3Cu0,7 - type 3 - 88,5% Solderpaste (500g jar)","solder paste DP 5505 Sn99Ag0,3Cu0,7 88,5% 500g jar"
SP5600SDBI57A/87,DP 5600 Sn42Bi57Ag1 - type 3 - 87% Solderpaste (30cc syringe),solder paste DP 5600 Sn42Bi57Ag1 87% 30cc syringe
SP5600SBBI57A/87,DP 5600 Sn42Bi57Ag1 - type 3 - 87% Solderpaste (5cc syringe),solder paste DP 5600 Sn42Bi57Ag1 87% 5cc syringe
SP5600SRDBI57A/87,DP5600 Sn42Bi57Ag1 - type 3 - 87% - Solderpaste(30cc syr+red plunger),solder paste DP 5600 Sn42Bi57Ag1 87% 30cc syringe with red plunger
SP5600OCCBI57AT4/8,DP5600 Sn42Bi57Ag1-type4-87% Solderpaste-10cc Optimum syr clear wiper,solder paste DP 5600 Sn42Bi57Ag1 87% 10cc Optimum syringe with clear wiper
SWF35SAC3050,"Flexsol 903 Sn96,5Ag3Cu0,5  0.5mm (3,5%) Solderwire","solder wire Flexsol 903 Sn96,5Ag3Cu0,5 0,5mm 3,5% 500g spool"
SWF22SAC3100,"Flexsol 903 Sn96,5Ag3Cu0,5  1.0mm (2,2%) Solderwire","solder wire Flexsol 903 Sn96,5Ag3Cu0,5 1,0mm 2,2% 500g spool"
SWF35SAC3100,"Flexsol 903 Sn96,5Ag3Cu0,5  1.0mm (3,5%) Solderwire","solder wire Flexsol 903 Sn96,5Ag3Cu0,5 1,0mm 3,5% 500g spool"
SP5505ICED5SCAC3T4,"DP 5505IC ed.5 Sn96,5Ag3Cu0,5 - type 4 - 85% -Solderpaste (10cc syr)","solder paste DP 5505 Sn96,5Ag3Cu0,5 85% 10cc syringe"
SP5505ICED.5NAC3T4,"DP 5505IC ed.5 Sn96,5Ag3Cu0,5 - type 4 - 88,5% Solderpaste (500g jar)","solder paste DP 5505 Sn96,5Ag3Cu0,5 88,5% 500g jar"
SP5600SCBI57A/87,DP 5600 Sn42Bi57Ag1 - type 3 - 87% Solderpaste (10cc syringe),solder paste DP 5600 Sn42Bi57Ag1 87% 10cc syringe
SWF35SAC3035,"Flexsol 903 Sn96,5Ag3Cu0,5  0.35mm (3,5%) Solderwire-100g spool","solder wire Flexsol 903 Sn96,5Ag3Cu0,5 0,35mm 3,5% 100g spool"
SWF22SAC3050,"Flexsol 903 Sn96,5Ag3Cu0,5  0.5mm (2,2%) Solderwire","solder wire Flexsol 903 Sn96,5Ag3Cu0,5 0,5mm 2,2% 500g spool"
SP5600JBI57A,DP 5600 Sn42Bi57Ag1 - type 3 - 90% Solderpaste (250g jar),solder paste DP 5600 Sn42Bi57Ag1 90% 250g jar
SP5600KBIA,DP 5600 Sn42Bi57Ag1 - type 3 - 90% Solderpaste (500g jar),solder paste DP 5600 Sn42Bi57Ag1 90% 500g jar
SP5600SCBI57AT4/87,DP 5600 Sn42Bi57Ag1 - type 4 - 87% Solderpaste (10cc syringe),solder paste DP 5600 Sn42Bi57Ag1 87% 10cc syringe
SP5600KBI57AT4,DP 5600 Sn42Bi57Ag1 - type 4 - 90% Solderpaste (500g jar),solder paste DP 5600 Sn42Bi57Ag1 90% 500g jar
SP5600NLMPA-Q,"DP5600 LMPA-Q - type 3 - 89,5% Solderpaste (500g jar)","solder paste DP 5600 LMPA 89,5% 500g jar"
SP5600NLMPA-QT4,"DP5600 LMPA-Q - type 4 - 89,5% Solderpaste (500g jar)","solder paste DP 5600 LMPA 89,5% 500g jar"
SWF22SAC3035,"Flexsol 903 Sn96,5Ag3Cu0,5  0.35mm (2,2%) Solderwire-100g spool","solder wire Flexsol 903 Sn96,5Ag3Cu0,5 0,35mm 2,2% 100g spool"
SWF22SAC3070,"Flexsol 903 Sn96,5Ag3Cu0,5  0.7mm (2,2%) Solderwire","solder wire Flexsol 903 Sn96,5Ag3Cu0,5 0,7mm 2,2% 500g spool"
SWF35SAC3070,"Flexsol 903 Sn96,5Ag3Cu0,5  0.7mm (3,5%) Solderwire","solder wire Flexsol 903 Sn96,5Ag3Cu0,5 0,7mm 3,5% 500g spool"
RPPENN,Fluxpen Non refillable (Empty),fluxpen Fluxpen non-refillable fluxpen
RPPEN2005CN,Fluxpen Non Refillable (IF 2005C filled),fluxpen Fluxpen non-refillable fluxpen
RPPEN2005N,Fluxpen Non Refillable (IF 2005M filled),fluxpen Fluxpen non-refillable fluxpen
RPPEN6000N,Fluxpen Non Refillable (IF 6000 filled),fluxpen Fluxpen non-refillable fluxpen
RPPEN8001N,Fluxpen Non Refillable (IF 8001 filled),fluxpen Fluxpen non-refillable fluxpen
RPPENRA2505N,Fluxpen Non Refillable (RA 25050 filled),fluxpen Fluxpen non-refillable fluxpen
RPPENR,Fluxpen Refillable (Empty),fluxpen Fluxpen refillable fluxpen
RPPEN6000R,Fluxpen Refillable (IF 6000 filled),fluxpen Fluxpen refillable fluxpen
RPPEN8001R,Fluxpen Refillable (IF 8001 filled),fluxpen Fluxpen refillable fluxpen
RPPENLMPASR,Fluxpen Refillable (LMPA™-S filled),fluxpen Fluxpen refillable fluxpen
RPPEN65R,Fluxpen Refillable (TerrIFic RP65 filled),fluxpen Fluxpen refillable fluxpen
PRASTONE300,Fluxstone 300mm c/w fittings,flux stones Fluxstone 300mm with fittings
PRASTONE400,Fluxstone 400mm c/w fittings,flux stones Fluxstone 400mm with fittings
FLA2005N200,"IF 2005 - 2,5% Soldering Flux (200L HDPE drum)",soldering flux IF 2005 200L HDPE drum
FLA2005N010,IF 2005 - 2.5% Soldering Flux (10L HDPE drum),soldering flux IF 2005 10L HDPE drum
FLA2005N001,IF 2005 Soldering Flux (1L HDPE bottle),soldering flux IF 2005 1L HDPE bottle
FLA2005N025,IF 2005 Soldering Flux (25L HDPE drum),soldering flux IF 2005 25L HDPE drum
FLA2005C010,IF 2005C Soldering Flux (10L HDPE drum),soldering flux IF 2005C 10L HDPE drum
SWF35SN99070,"Flexsol 903 Sn99,3Cu0,7  0.7mm (3,5%) Solderwire","solder wire Flexsol 903 Sn99,3Cu0,7 0,7mm 3,5% 500g spool"
SWF22SN99100,"Flexsol 903 Sn99,3Cu0,7  1.0mm (2,2%) Solderwire","solder wire Flexsol 903 Sn99,3Cu0,7 1,0mm 2,2% 500g spool"
SWF35SN99100,"Flexsol 903 Sn99,3Cu0,7  1.0mm (3,5%) Solderwire","solder wire Flexsol 903 Sn99,3Cu0,7 1,0mm 3,5% 500g spool"
SWF35SN99150,"Flexsol 903 Sn99,3Cu0,7  1.5mm (3,5%) Solderwire","solder wire Flexsol 903 Sn99,3Cu0,7 1,5mm 3,5% 500g spool"
SWF35SN99200,"Flexsol 903 Sn99,3Cu0,7  2.0mm (3,5%) Solderwire","solder wire Flexsol 903 Sn99,3Cu0,7 2,0mm 3,5% 500g spool"
SWF22SAC0307100,"Flexsol 903 Sn99Ag0,3Cu0,7  1.0mm (2,2%) Solderwire","solder wire Flexsol 903 Sn99Ag0,3Cu0,7 1,0mm 2,2% 500g spool"
SWF35SAC0307070,"Flexsol 903 Sn99Ag0,3Cu0,7 0.7mm (3,5%) Solderwire","solder wire Flexsol 903 Sn99Ag0,3Cu0,7 0,7mm 3,5% 500g spool"
SW22SN99035,"IF 14-22 Sn99,3Cu0,7  0,35mm Solderwire (6kg box-100g spool)","solder wire IF 14 Sn99,3Cu0,7 0,35mm 2,2% 100g spool"
SWF22SN99050,"Flexsol 903 Sn99,3Cu0,7  0.5mm (2,2%) Solderwire","solder wire Flexsol 903 Sn99,3Cu0,7 0,5mm 2,2% 500g spool"
SWF35SN99050,"Flexsol 903 Sn99,3Cu0,7  0.5mm (3,5%) Solderwire","solder wire Flexsol 903 Sn99,3Cu0,7 0,5mm 3,5% 500g spool"
SWF22SN99070,"Flexsol 903 Sn99,3Cu0,7  0.7mm (2,2%) Solderwire","solder wire Flexsol 903 Sn99,3Cu0,7 0,7mm 2,2% 500g spool"
FLA2005C001,IF 2005C Soldering Flux (1L HDPE Bottle),soldering flux IF 2005C 1L HDPE bottle
FLA2005C200,IF 2005C Soldering Flux (200L HDPE drum),soldering flux IF 2005C 200L HDPE drum
FLA2005C025,IF 2005C Soldering Flux (25L HDPE drum),soldering flux IF 2005C 25L HDPE drum
FLA2005K010,IF 2005K Soldering Flux (10L HDPE drum),soldering flux IF 2005K 10L HDPE drum
FLA2005K001,IF 2005K Soldering Flux (1L HDPE bottle),soldering flux IF 2005K 1L HDPE bottle
FLA2005K200,IF 2005K Soldering Flux (200L HDPE drum),soldering flux IF 2005K 200L HDPE drum
FLA2005K025,IF 2005K Soldering Flux (25L HDPE drum),soldering flux IF 2005K 25L HDPE drum
FLA2005M010,IF 2005M Soldering Flux (10L HDPE drum),soldering flux IF 2005M 10L HDPE drum
FLA2005M001,IF 2005M Soldering Flux (1L Bottle),soldering flux IF 2005M 1L HDPE bottle
FLA2005M200,IF 2005M Soldering Flux (200L HDPE drum),soldering flux IF 2005M 200L HDPE drum
FLA2005M025,IF 2005M Soldering Flux (25L HDPE drum),soldering flux IF 2005M 25L HDPE drum
FLA3006010,IF 3006 Soldering Flux (10L HDPE drum),soldering flux IF 3006 10L HDPE drum
FLA30061000,IF 3006 Soldering Flux (1L HDPE bottle),soldering flux IF 3006 1L HDPE bottle
FLA3006K010,IF 3006K Soldering Flux (10L HDPE drum),soldering flux IF 3006K 10L HDPE drum
RP60000100,IF 6000 Soldering Flux (100ml HDPE bottle),soldering flux IF 6000 100mL HDPE bottle
RP60001000,IF 6000 Soldering Flux (1L HDPE bottle),soldering flux IF 6000 1L HDPE bottle
RP60000500,IF 6000 Soldering Flux (500ml HDPE bottle),soldering flux IF 6000 500mL HDPE bottle
FLA6DIN1000,IF 6000 Soldering Flux DIN (1L HDPE bottle),soldering flux IF 6000 DIN 1L HDPE bottle
PRA710FL250.,IF 710 Peelable Soldermask (250cc bottle),peelable soldermask IF 710 250cc bottle
PRA710FL250V4.,IF 710/V4 Peelable Soldermask (250cc bottle),peelable soldermask IF 710 250cc bottle
RP7500SOLO10,IF 7500 HAB Gel Flux (10cc syringe All in One),soldering flux IF 7500 HAB 10cc syringe all-in-one
RP7500SR010,IF 7500 HAB Gel Flux (10cc syringe),soldering flux IF 7500 HAB 10cc syringe
RP7500PIN030,IF 7500 HAB Gel Flux (30cc pin bottle - brush included),soldering flux IF 7500 HAB 30cc pin bottle with brush included
RP7500SOLO30,IF 7500 HAB Gel Flux (30cc syringe All in One),soldering flux IF 7500 HAB 30cc syringe all-in-one
RP7500SR030,IF 7500 HAB Gel Flux (30cc syringe),soldering flux IF 7500 HAB 30cc syringe
RP7500SOLO5,IF 7500 HAB Gel Flux (5cc syringe All in One),soldering flux IF 7500 HAB 5cc syringe all-in-one
RP7500SR005,IF 7500 HAB Gel Flux (5cc syringe),soldering flux IF 7500 HAB 5cc syringe
RP80010100,IF 8001 Soldering Flux (100ml HDPE bottle),soldering flux IF 8001 100mL HDPE bottle
RP80010010,IF 8001 Soldering Flux (10L HDPE drum),soldering flux IF 8001 10L HDPE drum
RP80011000,IF 8001 Soldering Flux (1L HDPE bottle),soldering flux IF 8001 1L HDPE bottle
RP80010500,IF 8001 Soldering Flux (500ml HDPE bottle),soldering flux IF 8001 500mL HDPE bottle
RP8300JR100.,IF 8300 BGA Gel Flux (100cc jar),soldering flux IF 8300 100cc jar
RP8300SOLO10,IF 8300 BGA Gel Flux (10cc syringe All in One),soldering flux IF 8300 10cc syringe all-in-one
RP8300SR010,IF 8300 BGA Gel Flux (10cc syringe),soldering flux IF 8300 10cc syringe
RP8300JR030,IF 8300 BGA Gel Flux (30cc jar),soldering flux IF 8300 30cc jar
RP8300SOLO30,IF 8300 BGA Gel Flux (30cc syringe All in One),soldering flux IF 8300 30cc syringe all-in-one
RP8300SR030,IF 8300 BGA Gel Flux (30cc syringe),soldering flux IF 8300 30cc syringe
RP8300SOLO5,IF 8300 BGA Gel Flux (5cc syringe All in One),soldering flux IF 8300 5cc syringe all-in-one
RP8300SR005,IF 8300 BGA Gel Flux (5cc syringe),soldering flux IF 8300 5cc syringe
RP8300-4PIN030,IF 8300-4 BGA Gel Flux (30cc pin bottle - brush included),soldering flux IF 8300 30cc pin bottle with brush included
RP8300-6PIN030,IF 8300-6 BGA Gel Flux (30cc pin bottle - brush included),soldering flux IF 8300 30cc pin bottle with brush included
SP9009LTSBAC4,"IF 9009lt Sn95,5Ag4Cu0,5 - type 3 - 84% Solderpaste (5cc syr)","solder paste IF 9009LT Sn95,5Ag4Cu0,5 84% 5cc syringe"
SP9009LTRAC4S,"IF 9009lt Sn95,5Ag4Cu0,5 - type 3 - 88% Solderpaste (500g cartridge)","solder paste IF 9009LT Sn95,5Ag4Cu0,5 88% 500g cartridge"
SP9009LTRAC4,"IF 9009lt Sn95,5Ag4Cu0,5 - type 3 - 88% Solderpaste (500g jar)","solder paste IF 9009LT Sn95,5Ag4Cu0,5 88% 500g jar"
SP9009LTRAC3T4,"IF 9009lt Sn96,5Ag3Cu0,5 - type 4 - 88% Solderpaste (500g jar)","solder paste IF 9009LT Sn96,5Ag3Cu0,5 88% 500g jar"
SP9010A+/84,"IF 9010 Sn95,8Ag4,2 - type 3 - 84% - Solderpaste (450g jar)","solder paste IF 9010 Sn95,8Ag4,2 84% 450g jar"
SW06SN62050,IF14-06 Sn62Pb36Ag2  0.5mm Solderwire (6kg box),"solder wire IF 14 Sn62Pb36Ag2 0,5mm 0,6% 500g spool"
SW06SN63070,IF14-06 Sn63Pb37  0.7mm Solderwire (6kg box),"solder wire IF 14 Sn63Pb37 0,7mm 0,6% 500g spool"
SW06SN63100,IF14-06 Sn63Pb37  1.0mm Solderwire (6kg box),"solder wire IF 14 Sn63Pb37 1,0mm 0,6% 500g spool"
SW09SN62070,IF14-09 Sn62Pb36Ag2  0.7mm Solderwire (6kg box),"solder wire IF 14 Sn62Pb36Ag2 0,7mm 0,9% 500g spool"
SW09SN63035,IF14-09 Sn63Pb37  0.35mm Solderwire (100g spool),"solder wire IF 14 Sn63Pb37 0,35mm 0,9% 100g spool"
SW09SN63050,IF14-09 Sn63Pb37  0.5mm Solderwire (6kg box),"solder wire IF 14 Sn63Pb37 0,5mm 0,9% 500g spool"
SP9007SD,IF 9007' Sn62Pb36Ag2 - type 3 - 84% Solderpaste (30cc syr),solder paste IF 9007 Sn62Pb36Ag2 84% 30cc syringe
SP9009LTSC,IF 9009lt Sn62Pb36Ag2 - type 3 - 86% Solderpaste (10cc syr),solder paste IF 9009LT Sn62Pb36Ag2 86% 10cc syringe
SW06SN63050,IF14-06 Sn63Pb37  0.5mm Solderwire (6kg box),"solder wire IF 14 Sn63Pb37 0,5mm 0,6% 500g spool"
SP9009LTSD,IF 9009lt Sn62Pb36Ag2 - type 3 - 86% Solderpaste (30cc syr),solder paste IF 9009LT Sn62Pb36Ag2 86% 30cc syringe
SP9009LTU,IF 9009lt Sn63Pb37 - type 3 - 90% Solderpaste (500g jar),solder paste IF 9009LT Sn63Pb37 90% 500g jar
SP9009LTSCAC4,"IF 9009lt Sn95,5Ag4Cu0,5 - type 3 - 84% - Solderpaste (10cc syr)","solder paste IF 9009LT Sn95,5Ag4Cu0,5 84% 10cc syringe"
SP9009LTSDAC4,"IF 9009lt Sn95,5Ag4Cu0,5 - type 3 - 84% - Solderpaste (30cc syr)","solder paste IF 9009LT Sn95,5Ag4Cu0,5 84% 30cc syringe"
SW06SN96070,"IF14-06 Sn96,5Ag3,5  0.7mm Solderwire (6kg box)","solder wire IF 14 Sn96,5Ag3,5 0,7mm 0,6% 500g spool"
SW14SN60035,IF14-14 Sn60Pb40  0.35mm Solderwire (6kg box-100g spool),"solder wire IF 14 Sn60Pb40 0,35mm 1,4% 100g spool"
SW14SN60050,IF14-14 Sn60Pb40  0.5mm Solderwire (6kg box),"solder wire IF 14 Sn60Pb40 0,5mm 1,4% 500g spool"
SW14SN60100,IF14-14 Sn60Pb40  1.0mm Solderwire (6kg box),"solder wire IF 14 Sn60Pb40 1,0mm 1,4% 500g spool"
SW14SN60150,IF14-14 Sn60Pb40  1.5mm Solderwire (6kg box),"solder wire IF 14 Sn60Pb40 1,5mm 1,4% 500g spool"
SW14SN62020,"IF14-14 Sn62Pb36Ag2  0,20mm Solderwire (10g spool)","solder wire IF 14 Sn62Pb36Ag2 0,2mm 1,4% 10g spool"
SW14SN62035,IF14-14 Sn62Pb36Ag2  0.35mm Solderwire (6kg box-100g spool),"solder wire IF 14 Sn62Pb36Ag2 0,35mm 1,4% 100g spool"
SW14SN62050,IF14-14 Sn62Pb36Ag2  0.5mm Solderwire (6kg box),"solder wire IF 14 Sn62Pb36Ag2 0,5mm 1,4% 500g spool"
SW14SN62070,IF14-14 Sn62Pb36Ag2  0.7mm Solderwire (6kg box),"solder wire IF 14 Sn62Pb36Ag2 0,7mm 1,4% 500g spool"
SW14SN62100,IF14-14 Sn62Pb36Ag2  1.0mm Solderwire (6kg box),"solder wire IF 14 Sn62Pb36Ag2 1,0mm 1,4% 500g spool"
SW14SN63035,IF14-14 Sn63Pb37  0.35mm Solderwire (6kg box-100g spool),"solder wire IF 14 Sn63Pb37 0,35mm 1,4% 100g spool"
SW14SN63050,IF14-14 Sn63Pb37  0.5mm Solderwire (6kg box),"solder wire IF 14 Sn63Pb37 0,5mm 1,4% 500g spool"
SW14SN63070,IF14-14 Sn63Pb37  0.7mm Solderwire (6kg box),"solder wire IF 14 Sn63Pb37 0,7mm 1,4% 500g spool"
SW14SN63100,IF14-14 Sn63Pb37  1.0mm Solderwire (6kg box),"solder wire IF 14 Sn63Pb37 1,0mm 1,4% 500g spool"
SW14SN63150,IF14-14 Sn63Pb37  1.5mm Solderwire (6kg box),"solder wire IF 14 Sn63Pb37 1,5mm 1,4% 500g spool"
SW16SAC050,"IF14-16 Sn95,5Ag3,8Cu0,7  0.5mm Solderwire (6kg box)","solder wire IF 14 Sn95,5Ag3,8Cu0,7 0,5mm 1,6% 500g spool"
SW16SAC070,"IF14-16 Sn95,5Ag3,8Cu0,7  0.7mm Solderwire (6kg box)","solder wire IF 14 Sn95,5Ag3,8Cu0,7 0,7mm 1,6% 500g spool"
SW16SAC100,"IF14-16 Sn95,5Ag3,8Cu0,7  1.0mm Solderwire (6kg box)","solder wire IF 14 Sn95,5Ag3,8Cu0,7 1,0mm 1,6% 500g spool"
SW16SAC150,"IF14-16 Sn95,5Ag3,8Cu0,7  1.5mm Solderwire (6kg box)","solder wire IF 14 Sn95,5Ag3,8Cu0,7 1,5mm 1,6% 500g spool"
SW16SN96035,"IF14-16 Sn96,5Ag3,5  0,35mm Solderwire (6kg box-100g spool)","solder wire IF 14 Sn96,5Ag3,5 0,35mm 1,6% 100g spool"
SW09SN63100,IF14-09 Sn63Pb37  1.0mm Solderwire (6kg box),"solder wire IF 14 Sn63Pb37 1,0mm 0,9% 500g spool"
SW10SN63050,IF14-10 Sn63Pb37  0.5mm Solderwire (6kg box),"solder wire IF 14 Sn63Pb37 0,5mm 1,0% 500g spool"
SW10SN63070,IF14-10 Sn63Pb37  0.7mm Solderwire (6kg box),"solder wire IF 14 Sn63Pb37 0,7mm 1,0% 500g spool"
SW10SN63100,IF14-10 Sn63Pb37  1.0mm Solderwire (6kg box),"solder wire IF 14 Sn63Pb37 1,0mm 1,0% 500g spool"
SW10SN63150,IF14-10 Sn63Pb37  1.5mm Solderwire (6kg box),"solder wire IF 14 Sn63Pb37 1,5mm 1,0% 500g spool"
SW14SN60070,IF14-14 Sn60Pb40  0.7mm Solderwire (6kg box),"solder wire IF 14 Sn60Pb40 0,7mm 1,4% 500g spool"
SW09SN63150,IF14-09 Sn63Pb37  1.5mm Solderwire (6kg box),"solder wire IF 14 Sn63Pb37 1,5mm 0,9% 500g spool"
SW16SAC3070/500,"IF14-16 Sn96,5Ag3Cu0,5  0,7mm Solderwire (500g spool - 6kg box)","solder wire IF 14 Sn96,5Ag3Cu0,5 0,7mm 1,6% 500g spool"
SW16SAC3150/500,"IF14-16 Sn96,5Ag3Cu0,5  1,5mm Solderwire (500g spool - 6kg box)","solder wire IF 14 Sn96,5Ag3Cu0,5 1,5mm 1,6% 500g spool"
SW16SN99035N,"IF14-16 Sn99,3Cu0,7  0,35mm Solderwire (6kg box-100g spool)","solder wire IF 14 Sn99,3Cu0,7 0,35mm 1,6% 100g spool"
SW16SN99050,"IF14-16 Sn99,3Cu0,7  0,5mm Solderwire (6kg box)","solder wire IF 14 Sn99,3Cu0,7 0,5mm 1,6% 500g spool"
SW16SN99070,"IF14-16 Sn99,3Cu0,7  0.7mm Solderwire (6kg box)","solder wire IF 14 Sn99,3Cu0,7 0,7mm 1,6% 500g spool"
SW16SN99100,"IF14-16 Sn99,3Cu0,7  1,0mm Solderwire (6kg box)","solder wire IF 14 Sn99,3Cu0,7 1,0mm 1,6% 500g spool"
SW16SN99150,"IF14-16 Sn99,3Cu0,7  1.5mm Solderwire (6kg box)","solder wire IF 14 Sn99,3Cu0,7 1,5mm 1,6% 500g spool"
SW16SAC0307035,"IF14-16 Sn99Ag0,3Cu0,7  0,35mm Solderwire (100g spool)","solder wire IF 14 Sn99Ag0,3Cu0,7 0,35mm 1,6% 100g spool"
SW16SAC0307050,"IF14-16 Sn99Ag0,3Cu0,7  0,5mm Solderwire (500g spool-6kg box)","solder wire IF 14 Sn99Ag0,3Cu0,7 0,5mm 1,6% 500g spool"
SW16SAC0307070,"IF14-16 Sn99Ag0,3Cu0,7  0,7mm Solderwire (500g spool-6kg box)","solder wire IF 14 Sn99Ag0,3Cu0,7 0,7mm 1,6% 500g spool"
SW16SAC0307100,"IF14-16 Sn99Ag0,3Cu0,7  1,0mm Solderwire (500g spool-6kg box)","solder wire IF 14 Sn99Ag0,3Cu0,7 1,0mm 1,6% 500g spool"
SW16SAC0307150,"IF14-16 Sn99Ag0,3Cu0,7  1,5mm Solderwire (500g spool-6kg box)","solder wire IF 14 Sn99Ag0,3Cu0,7 1,5mm 1,6% 500g spool"
SW16SN99Q020,"IF14-16 Sn99Q  0,20mm Solderwire (10g spools)","solder wire IF 14 Sn99-Q 0,2mm 1,6% 10g spool"
SW16SN99Q035,"IF14-16 Sn99Q  0,35mm Solderwire (100g spools - 6kg box)","solder wire IF 14 Sn99-Q 0,35mm 1,6% 100g spool"
SW16SN99Q050,IF14-16 Sn99Q  0.5mm Solderwire (500g spools - 6kg box),"solder wire IF 14 Sn99-Q 0,5mm 1,6% 500g spool"
SW16SN99Q070,IF14-16 Sn99Q  0.7mm Solderwire (500g spools - 6kg box),"solder wire IF 14 Sn99-Q 0,7mm 1,6% 500g spool"
SW16SN99Q100,IF14-16 Sn99Q 1.0mm Solder wire (500g spools - 6kg box),"solder wire IF 14 Sn99-Q 1,0mm 1,6% 500g spool"
SW22SAC3070/500,"IF14-22 Sn96,5Ag3Cu0,5  0,7mm Solderwire (500g spool - 6kg box)","solder wire IF 14 Sn96,5Ag3Cu0,5 0,7mm 2,2% 500g spool"
SW22SAC3050/500,"IF14-22 Sn96,5Ag3Cu0,5  0.5mm Solderwire (500g spool - 6kg box)","solder wire IF 14 Sn96,5Ag3Cu0,5 0,5mm 2,2% 500g spool"
SW16SN96070,"IF14-16 Sn96,5Ag3,5  0.7mm Solderwire (6kg box)","solder wire IF 14 Sn96,5Ag3,5 0,7mm 1,6% 500g spool"
SW16SN96100,"IF14-16 Sn96,5Ag3,5  1.0mm Solderwire (6kg box)","solder wire IF 14 Sn96,5Ag3,5 1,0mm 1,6% 500g spool"
SW16SN96150,"IF14-16 Sn96,5Ag3,5  1.5mm Solderwire (6kg box)","solder wire IF 14 Sn96,5Ag3,5 1,5mm 1,6% 500g spool"
SW16SAC3020,"IF14-16 Sn96,5Ag3Cu0,5  0,20mm Solderwire (10g spool)","solder wire IF 14 Sn96,5Ag3Cu0,5 0,2mm 1,6% 10g spool"
SW16SAC3035,"IF14-16 Sn96,5Ag3Cu0,5  0,35mm Solderwire (100g spool)","solder wire IF 14 Sn96,5Ag3Cu0,5 0,35mm 1,6% 100g spool"
SW16SAC3050/500,"IF14-16 Sn96,5Ag3Cu0,5  0,5mm Solderwire (500g spool - 6kg box)","solder wire IF 14 Sn96,5Ag3Cu0,5 0,5mm 1,6% 500g spool"
RP8300-4JR100,IF8300-4 BGA Gel Flux(100cc jar),soldering flux IF 8300 100cc jar
OIL910001,IF910 De-Oxidation Oil (1L bottle),deoxidation oil IF 910 1L HDPE bottle
SW22SN99Q070,IF14-22 Sn99Q  0.7mm Solderwire (500g spools - 6kg box),"solder wire IF 14 Sn99-Q 0,7mm 2,2% 500g spool"
SW22SN99Q120,"IF14-22 Sn99Q  1,2mm Solderwire (500g spools - 6kg box)","solder wire IF 14 Sn99-Q 1,2mm 2,2% 500g spool"
SW22SN99Q100,IF14-22 Sn99Q  1.0mm Solderwire (500g spools - 6kg box),"solder wire IF 14 Sn99-Q 1,0mm 2,2% 500g spool"
SW22SN99Q035,"IF14-22 Sn99Q 0,35mm Solderwire (100g spools - 6kg box)","solder wire IF 14 Sn99-Q 0,35mm 2,2% 100g spool"
SWYF09SN60035,"í-Flex 400 Sn60Pb40 0,35mm (0,9%) Solderwire (100g spool)","solder wire i-Flex 400 Sn60Pb40 0,35mm 0,9% 100g spool"
SWYF09SN60070,"í-Flex 400 Sn60Pb40 0,7mm (0,9%) Solderwire (500g spool)","solder wire i-Flex 400 Sn60Pb40 0,7mm 0,9% 500g spool"
SWYF14SN60100,"í-Flex 400 Sn60Pb40 1,0mm (1,4%) Solderwire (500g spool)","solder wire i-Flex 400 Sn60Pb40 1,0mm 1,4% 500g spool"
SWYF09SN60150,"í-Flex 400 Sn60Pb40 1,5mm (0,9%) Solderwire (500g spool)","solder wire i-Flex 400 Sn60Pb40 1,5mm 0,9% 500g spool"
SWYF14SN60150,"í-Flex 400 Sn60Pb40 1,5mm (1,4%) Solderwire","solder wire i-Flex 400 Sn60Pb40 1,5mm 1,4% 500g spool"
SWYF16SAC3035,"í-Flex 400 Sn96,5Ag3Cu0,5  0,35mm (1,6%) Solderwire (100g spool)","solder wire i-Flex 400 Sn96,5Ag3Cu0,5 0,35mm 1,6% 100g spool"
SWYF16SAC3050,"í-Flex 400 Sn96,5Ag3Cu0,5  0.5mm (1,6%) Solderwire (500g spool)","solder wire i-Flex 400 Sn96,5Ag3Cu0,5 0,5mm 1,6% 500g spool"
SWYF16SAC3070,"í-Flex 400 Sn96,5Ag3Cu0,5  0.7mm (1,6%) Solderwire (500g spool)","solder wire i-Flex 400 Sn96,5Ag3Cu0,5 0,7mm 1,6% 500g spool"
SWYF16SAC3020,"í-Flex 400 Sn96,5Ag3Cu0,5 0,2mm (1,6%) Solderwire (10g spool)","solder wire i-Flex 400 Sn96,5Ag3Cu0,5 0,2mm 1,6% 10g spool"
SWYF16SAC3100,"í-Flex 400 Sn96,5Ag3Cu0,5 1.0mm (1,6%) Solderwire (500g spool)","solder wire i-Flex 400 Sn96,5Ag3Cu0,5 1,0mm 1,6% 500g spool"
SWYF22SAC3100,"í-Flex 400 Sn96,5Ag3Cu0,5 1.0mm (2,2%) Solderwire (500g spool)","solder wire i-Flex 400 Sn96,5Ag3Cu0,5 1,0mm 2,2% 500g spool"
SWYF16SN99100,"í-Flex 400 Sn99,3Cu0,7 1,0mm (1,6%) Solderwire (500g spool)","solder wire i-Flex 400 Sn99,3Cu0,7 1,0mm 1,6% 500g spool"
SWYF16SAC03050,"í-Flex 400 Sn99Ag0,3Cu0,7 0,5mm (1,6%) Solderwire (500g spool)","solder wire i-Flex 400 Sn99Ag0,3Cu0,7 0,5mm 1,6% 500g spool"
SWYF16SAC03070,"í-Flex 400 Sn99Ag0,3Cu0,7 0,7mm (1,6%) Solderwire (500g spool)","solder wire i-Flex 400 Sn99Ag0,3Cu0,7 0,7mm 1,6% 500g spool"
SW22SAC3100/500,"IF14-22 Sn96,5Ag3Cu0,5 1.0mm Solderwire (500g spool - 6kg box)","solder wire IF 14 Sn96,5Ag3Cu0,5 1,0mm 2,2% 500g spool"
SW22SN99070,"IF14-22 Sn99,3Cu0,7  0.7mm Solderwire (6kg box)","solder wire IF 14 Sn99,3Cu0,7 0,7mm 2,2% 500g spool"
SW22SN99100,"IF14-22 Sn99,3Cu0,7  1.0mm Solderwire (6kg box)","solder wire IF 14 Sn99,3Cu0,7 1,0mm 2,2% 500g spool"
SW22SN99Q050,IF14-22 Sn99Q  0.5mm Solderwire (500g spools - 6kg box),"solder wire IF 14 Sn99-Q 0,5mm 2,2% 500g spool"
SW22SN99050,"IF14-22 Sn99,3Cu0,7  0.5mm Solderwire (6kg box)","solder wire IF 14 Sn99,3Cu0,7 0,5mm 2,2% 500g spool"
CLWADREM00,Interflux Adhesive Remover Wipes (tub),cleaning wipes Adhesive Remover Wipes tub
AOPELLET,Interflux Anti-Oxidant Pellets (250g/jar),anti-oxidant pellets anti-oxidant pellets 250g jar
AOPELLETLF,Interflux Anti-Oxidant Pellets LeadFree (250g/jar),anti-oxidant pellets anti-oxidant pellets 250g jar
CLWIPADI01,Interflux IPA/DI Wipes (folie bag),cleaning wipes IPA/DI Wipes folie bag
CLWIPADI03,Interflux IPA/DI Wipes (folie bag) Extra Wet,cleaning wipes IPA/DI Wipes folie bag
CLWIPADI00,Interflux IPA/DI Wipes (tub),cleaning wipes IPA/DI Wipes tub
CLWSTCL01,Interflux Stencil Clean Wipes (folie bag),cleaning wipes Stencil Clean Wipes folie bag
CLWSTCL00,Interflux Stencil Clean Wipes (tub),cleaning wipes Stencil Clean Wipes tub
CLLIPADI010,IPA/DI Cleaner (10L HDPE drum),cleaning fluid IPA/DI Cleaner 10L HDPE drum
CLL300010,ISC 300 Stencil Clean Fluid For Spray In Air Application (10L drum),cleaning fluid ISC 300 10L HDPE drum
CLL8020010,ISC 8020 Stencil Clean (10L HDPE drum),cleaning fluid ISC 8020 10L HDPE drum
CLL8020001,ISC 8020 Stencil Clean (1L bottle),cleaning fluid ISC 8020 1L HDPE bottle
CLL8020025,ISC 8020 Stencil Clean (25L HDPE drum),cleaning fluid ISC 8020 25L HDPE drum
OILLMPA0100,LMPA™ Oil (100ml bottle),deoxidation oil LMPA™ Oil 100mL HDPE bottle
SWIR330SN99070,"IR3 Sn99,3Cu0,7 0,7mm (3%) Solderwire (500g spool-6kg box)","solder wire IR3 Sn99,3Cu0,7 0,7mm 3,0% 500g spool"
SWIR330SN99100,"IR3 Sn99,3Cu0,7 1,0mm (3%) Solderwire (500g spool-6kg box)","solder wire IR3 Sn99,3Cu0,7 1,0mm 3,0% 500g spool"
SWIR30SN99Q050,"IR3 Sn99Q  0,5mm (3,0%) Solderwire (500g spools - 6kg box)","solder wire IR3 Sn99-Q 0,5mm 3,0% 500g spool"
SWIR30SN99Q070/250,"IR3 Sn99Q  0,7mm (3,0%) Solderwire (250g spools - 6kg box)","solder wire IR3 Sn99-Q 0,7mm 3,0% 250g spool"
SWIR30SN99Q070,"IR3 Sn99Q  0,7mm (3,0%) Solderwire (500g spools - 6kg box)","solder wire IR3 Sn99-Q 0,7mm 3,0% 500g spool"
SWLS2535SAC3050,"Laser 25 Sn96,5Ag3Cu0,5 0,5mm (3,5%) Solderwire (500g spool)","solder wire Laser 25 Sn96,5Ag3Cu0,5 0,5mm 3,5% 500g spool"
SWLS2535SAC3070,"Laser 25 Sn96,5Ag3Cu0,5 0,7mm (3,5%) Solderwire (500g spool)","solder wire Laser 25 Sn96,5Ag3Cu0,5 0,7mm 3,5% 500g spool"
SWLS2535SAC3100,"Laser 25 Sn96,5Ag3Cu0,5 1,0mm (3,5%) Solderwire (500g spool)","solder wire Laser 25 Sn96,5Ag3Cu0,5 1,0mm 3,5% 500g spool"
SWLS2535SAC3150,"Laser 25 Sn96,5Ag3Cu0,5 1,5mm (3,5%) Solderwire (500g spool)","solder wire Laser 25 Sn96,5Ag3Cu0,5 1,5mm 3,5% 500g spool"
SWLS2530SAC03100,"Laser 25 Sn99Ag0,3Cu0,7 1,0mm (3%) Solderwire (500g spool)","solder wire Laser 25 Sn99Ag0,3Cu0,7 1,0mm 3,0% 500g spool"
SPQ6SCLMPA-Q,LMPA™-Q6 - type 3 - 86% Solderpaste (10cc syringe),solder paste LMPA™-Q6 LMPA 86% 10cc syringe
SWIR330SAC3050,"IR3 Sn96,5Ag3Cu0,5 0,5mm (3%) Solderwire (500g spool-6kg box)","solder wire IR3 Sn96,5Ag3Cu0,5 0,5mm 3,0% 500g spool"
SWIR330SN99050,"IR3 Sn99,3Cu0,7 0,5mm (3%) Solderwire (500g spool-6kg box)","solder wire IR3 Sn99,3Cu0,7 0,5mm 3,0% 500g spool"
SWIR330SAC3070,"IR3 Sn96,5Ag3Cu0,5 0,7mm (3%) Solderwire (500g spool-6kg box)","solder wire IR3 Sn96,5Ag3Cu0,5 0,7mm 3,0% 500g spool"
FLALMPAS010,LMPA™-S Selective Soldering Flux (10L HDPE drum),soldering flux LMPA™-S 10L HDPE drum
FLALMPAS001,LMPA™-S Selective Soldering Flux (1L HDPE bottle),soldering flux LMPA™-S 1L HDPE bottle
PRANSOL01,Neutral Solution (1L HDPE bottle),neutral solution Neutral Solution 1L HDPE bottle
FLA3311025,OSPI 3311 Soldering Flux (25L HDPE drum),soldering flux OSPI 3311 25L HDPE drum
FLA3311M001,OSPI 3311M Soldering Flux (1L HDPE bottle),soldering flux OSPI 3311M 1L HDPE bottle
FLW2007010,PacIFic 2007 VOC-Free Soldering Flux (10L HDPE drum),soldering flux PacIFic 2007 10L HDPE drum
FLW20071000,PacIFic 2007 VOC-Free Soldering Flux (1L HDPE bottle),soldering flux PacIFic 2007 1L HDPE bottle
FLW2007025,PacIFic 2007 VOC-Free Soldering Flux (25L HDPE drum),soldering flux PacIFic 2007 25L HDPE drum
SWNH122SAC050,"NH 1 Sn95,5Ag3,8Cu0,7  0,5mm (2,2%) Solderwire (500g spool)","solder wire NH 1 Sn95,5Ag3,8Cu0,7 0,5mm 2,2% 500g spool"
SWNH122SAC100,"NH 1 Sn95,5Ag3,8Cu0,7  1,0mm (2,2%) Solderwire (500g spool)","solder wire NH 1 Sn95,5Ag3,8Cu0,7 1,0mm 2,2% 500g spool"
SWNH122SAC120,"NH 1 Sn95,5Ag3,8Cu0,7  1,2mm (2,2%) Solderwire (500g spool)","solder wire NH 1 Sn95,5Ag3,8Cu0,7 1,2mm 2,2% 500g spool"
SWNH122SN99100,"NH 1 Sn99,3Cu0,7  1,0mm (2,2%) Solderwire (500g spool)","solder wire NH 1 Sn99,3Cu0,7 1,0mm 2,2% 500g spool"
SWNH122SN99200,"NH 1 Sn99,3Cu0,7  2,0mm (2,2%) Solderwire (500g spool)","solder wire NH 1 Sn99,3Cu0,7 2,0mm 2,2% 500g spool"
SWNH122SN99070,"NH 1 Sn99,3Cu0,7 0,7mm (2,2%) Solderwire (500g spool)","solder wire NH 1 Sn99,3Cu0,7 0,7mm 2,2% 500g spool"
SWNH122SAC3050,"NH1 Sn96,5Ag3Cu0,5 0,5mm (2,2%) Solderwire","solder wire NH 1 Sn96,5Ag3Cu0,5 0,5mm 2,2% 500g spool"
SWNH122SAC3070,"NH1 Sn96,5Ag3Cu0,5 0,7mm (2,2%) Solderwire (500g spool)","solder wire NH 1 Sn96,5Ag3Cu0,5 0,7mm 2,2% 500g spool"
SWNH122SAC3100,"NH1 Sn96,5Ag3Cu0,5 1mm (2,2%) Solderwire","solder wire NH 1 Sn96,5Ag3Cu0,5 1,0mm 2,2% 500g spool"
SWNH122SN99050,"NH1 Sn99,3Cu0,7 0,5mm (2,2%) Solderwire (500g spool)","solder wire NH 1 Sn99,3Cu0,7 0,5mm 2,2% 500g spool"
SPQ6SDLMPA-Q,LMPA™-Q6 - type 3 - 86% Solderpaste (30cc syringe),solder paste LMPA™-Q6 LMPA 86% 30cc syringe
SWNH122SAC070,"NH 1 Sn95,5Ag3,8Cu0,7  0,7mm (2,2%) Solderwire (500g spool)","solder wire NH 1 Sn95,5Ag3,8Cu0,7 0,7mm 2,2% 500g spool"
SPQ6SBLMPA-Q,LMPA™-Q6 - type 3 - 86% Solderpaste (5cc syringe),solder paste LMPA™-Q6 LMPA 86% 5cc syringe
SPQ6RLMPA-Q,LMPA™-Q6 - type 3 - 89% Solderpaste (500g jar),solder paste LMPA™-Q6 LMPA 89% 500g jar
SPQ6SCLMPA-QT4,LMPA™-Q6 - type 4 - 86% Solderpaste (10cc syringe),solder paste LMPA™-Q6 LMPA 86% 10cc syringe
SPQ6SDLMPA-QT4,LMPA™-Q6 - type 4 - 86% Solderpaste (30cc syringe),solder paste LMPA™-Q6 LMPA 86% 30cc syringe
SPQ6QLMPA-QT4,LMPA™-Q6 - type 4 - 89% Solderpaste (250g jar),solder paste LMPA™-Q6 LMPA 89% 250g jar
SPQ6RLMPA-QT4,LMPA™-Q6 - type 4 - 89% Solderpaste (500g jar),solder paste LMPA™-Q6 LMPA 89% 500g jar
SPQ6OLMPAQT4S,"LMPA™-Q6 - type 4 - 89,5% Solderpaste (1kg cartridge)","solder paste LMPA™-Q6 LMPA 89,5% 1kg cartridge"
SPQ6NLMPA-QT4,"LMPA™-Q6 - type 4 - 89,5% Solderpaste (500g jar)","solder paste LMPA™-Q6 LMPA 89,5% 500g jar"
FLW20081000,Pacific 2008 VOC-Free Soldering Flux (1L HDPE bottle),soldering flux PacIFic 2008 1L HDPE bottle
FLW2008P025,PacIFic 2008plus VOC-Free Soldering Flux (25L HDPE drum),soldering flux PacIFic 2008plus 25L HDPE drum
FLW2009010,PacIFic 2009 VOC-Free Soldering Flux (10L HDPE drum),soldering flux PacIFic 2009 10L HDPE drum
FLW2009M0100,PacIFic 2009M VOC-Free Soldering Flux (100ml HDPE Bottle),soldering flux PacIFic 2009M 100mL HDPE bottle
FLW2009M010,PacIFic 2009M VOC-Free Soldering Flux (10L HDPE drum),soldering flux PacIFic 2009M 10L HDPE drum
FLW2009M1000,PacIFic 2009M VOC-Free Soldering Flux (1L HDPE bottle),soldering flux PacIFic 2009M 1L HDPE bottle
FLW2009M025,PacIFic 2009M VOC-Free Soldering Flux (25L HDPE drum),soldering flux PacIFic 2009M 25L HDPE drum
FLW2009M0005,PacIFic 2009M VOC-Free Soldering Flux (500ml HDPE bottle),soldering flux PacIFic 2009M 500mL HDPE bottle
FLW2009MLF010,PacIFic 2009MLF VOC-Free Soldering Flux (10L HDPE drum),soldering flux PacIFic 2009MLF 10L HDPE drum
FLW2009MLF001,PacIFic 2009MLF VOC-Free Soldering Flux (1L HDPE bottle),soldering flux PacIFic 2009MLF 1L HDPE bottle
FLW2009MLF200,PacIFic 2009MLF VOC-Free Soldering Flux (200L HDPE drum),soldering flux PacIFic 2009MLF 200L HDPE drum
FLW2009MLF025,PacIFic 2009MLF VOC-Free Soldering Flux (25L HDPE drum),soldering flux PacIFic 2009MLF 25L HDPE drum
FLW2009MLFE010,PacIFic 2009MLF-E VOC-Free Soldering Flux (10L HDPE drum),soldering flux PacIFic 2009MLF-E 10L HDPE drum
FLW2009MLFE025,PacIFic 2009MLF-E VOC-Free Soldering Flux (25L HDPE drum),soldering flux PacIFic 2009MLF-E 25L HDPE drum
FLW2010F010,PacIFic 2010F VOC-Free Soldering Flux (10L HDPE drum),soldering flux PacIFic 2010F 10L HDPE drum
FLW2010F025,PacIFic 2010F VOC-Free Soldering Flux (25L HDPE drum),soldering flux PacIFic 2010F 25L HDPE drum
FLW2011F025,PacIFic 2011F VOC-Free Soldering Flux (25L HDPE drum),soldering flux PacIFic 2011F 25L HDPE drum
SWFPSN99200K04,"Plain Solderwire Sn99,3Cu0,7+anti-oxidant  2,0mm (4kg green spools)","solder alloy plain solder wire Sn99,3Cu0,7 4kg green spool"
SWLMPAQ200K02,"Plain Solderwire LMPA™-Q 2,0mm (2 kg on 4 kg spool)",solder alloy plain solder wire LMPA 2kg spool
SWLMPAQ300K04,"Plain Solderwire LMPA™-Q 3,0mm (4kg spool)",solder alloy plain solder wire LMPA 4kg spool
SWFPSN60150K01,Plain Solderwire Sn60Pb40  1.5mm (1kg black spool - 6kg box),solder alloy plain solder wire Sn60Pb40 1kg black spool
SWFPSN60200K01,"Plain Solderwire Sn60Pb40 2,0mm (1kg black spool - 6kg box)",solder alloy plain solder wire Sn60Pb40 1kg black spool
SWFPSN62200,Plain Solderwire Sn62Pb36Ag2  2.0mm (4kg reel) (16kg box),solder alloy plain solder wire Sn62Pb36Ag2 4kg spool
SWFPSN63200,"Plain Solderwire Sn63Pb37  2,0mm (4kg reel)",solder alloy plain solder wire Sn63Pb37 4kg spool
SWFPSN63300K04,Plain Solderwire Sn63Pb37 3.0mm (4kg reel),solder alloy plain solder wire Sn63Pb37 4kg spool
SWFPSAC3200K04,"Plain Solderwire Sn96,5Ag3Cu0,5 2.0mm (4kg green spool – 16kg box)","solder alloy plain solder wire Sn96,5Ag3Cu0,5 4kg green spool"
SWFPSAC3300K04,"Plain Solderwire Sn96,5Ag3Cu0,5 3,0mm (4kg green spool - 16kg box)","solder alloy plain solder wire Sn96,5Ag3Cu0,5 4kg green spool"
CLLPURSOLO30,Purgel (30cc syringe All in One),conditioning gel Purgel 30cc syringe all-in-one
CLLPURSC,Purgel SC (10cc syringe),conditioning gel Purgel 10cc syringe
CLLPURSD,Purgel SD (30cc syringe),conditioning gel Purgel 30cc syringe
CLLPURIWASD,Purgel SD Iwashita (30cc syringe),conditioning gel Purgel 30cc syringe
FLARA10001,RA 25010 Soldering Flux (1L HDPE bottle),soldering flux RA 25010 1L HDPE bottle
FLARA15001,RA 25015 Soldering Flux (1L HDPE bottle),soldering flux RA 25015 1L HDPE bottle
FLARA500100,RA 25050 Soldering Flux (100ml HDPE bottle),soldering flux RA 25050 100mL HDPE bottle
FLARA50001,RA 25050 Soldering Flux (1L HDPE bottle),soldering flux RA 25050 1L HDPE bottle
FLARA38053001,RA 38053 Soldering Dip Flux (1L HDPE bottle),soldering flux RA 38053 1L HDPE bottle
PRAREA01,Reagent (1L HDPE bottle),reagent Reagent 1L HDPE bottle
SWQF7022SAC3050,"QF 70 Sn96,5Ag3Cu0,5 0,5mm (2,2%) Solderwire (500g spool)","solder wire QF 70 Sn96,5Ag3Cu0,5 0,5mm 2,2% 500g spool"
SWQF7030SAC3100,"QF 70 Sn96,5Ag3Cu0,5 1,0mm (3%) Solderwire (500g spool)","solder wire QF 70 Sn96,5Ag3Cu0,5 1,0mm 3,0% 500g spool"
SWQF7030SAC3150,"QF 70 Sn96,5Ag3Cu0,5 1,5mm (3%) Solderwire (500g spool)","solder wire QF 70 Sn96,5Ag3Cu0,5 1,5mm 3,0% 500g spool"
SWQF7022SN99050,"QF 70 Sn99,3Cu0,7 0,5mm (2,2%) Solderwire (500g spool)","solder wire QF 70 Sn99,3Cu0,7 0,5mm 2,2% 500g spool"
SWQF7022SN99100,"QF 70 Sn99,3Cu0,7 1,0mm (2,2%) Solderwire (500g spool)","solder wire QF 70 Sn99,3Cu0,7 1,0mm 2,2% 500g spool"
SWQF7022SN99200,"QF 70 Sn99,3Cu0,7 2,0mm (2,2%) Solderwire (500g spool)","solder wire QF 70 Sn99,3Cu0,7 2,0mm 2,2% 500g spool"
SWQF7030SAC03050,"QF 70 Sn99Ag0,3Cu0,7 0,5mm (3%) Solderwire (500g spool)","solder wire QF 70 Sn99Ag0,3Cu0,7 0,5mm 3,0% 500g spool"
SWQF7030SAC03100,"QF 70 Sn99Ag0,3Cu0,7 1,0mm (3%) Solderwire (500g spool)","solder wire QF 70 Sn99Ag0,3Cu0,7 1,0mm 3,0% 500g spool"
SWRE435L135SN99050,"ResIF 435L1 (3,5%) Sn99,3Cu0,7  0,5mm Solderwire (500g spool)","solder wire ResIF 435L1 Sn99,3Cu0,7 0,5mm 3,5% 500g spool"
SWRE435L135SN99120,"ResIF 435L1 (3,5%) Sn99,3Cu0,7  1,2mm Solderwire (500g spool)","solder wire ResIF 435L1 Sn99,3Cu0,7 1,2mm 3,5% 500g spool"
SWIX70522SN60100,"RosIX 705 Sn60Pb40 1,0mm (2,2%) Solderwire (500g spool-6kg box)","solder wire RosIX 705 Sn60Pb40 1,0mm 2,2% 500g spool"
SWIX70522SN62100,"RosIX 705 Sn62Pb36Ag2 1,0mm (2,2%) Solderwire (500g spool-6kg box)","solder wire RosIX 705 Sn62Pb36Ag2 1,0mm 2,2% 500g spool"
SWIX70522SN63100,"RosIX 705 Sn63Pb37 1,0mm (2,2%) Solderwire (500g spool-6kg box)","solder wire RosIX 705 Sn63Pb37 1,0mm 2,2% 500g spool"
SPQ6NBI57A,"Q6 Sn42Bi57Ag1 - type 3 - 89,5% Solderpaste (500g jar)","solder paste Q6 Sn42Bi57Ag1 89,5% 500g jar"
SPQ6MBI57A,Q6 Sn42Bi57Ag1 - type 3-89.5%  Solderpaste (250g jar),"solder paste Q6 Sn42Bi57Ag1 89,5% 250g jar"
SWQF7022SAC3070,"QF 70 Sn96,5Ag3Cu0,5 0,7mm (2,2%) Solderwire (500g spool)","solder wire QF 70 Sn96,5Ag3Cu0,5 0,7mm 2,2% 500g spool"
SWQF7030SAC3035,"QF 70 Sn96,5Ag3Cu0,5 0,35mm (3%) Solderwire (100g spool)","solder wire QF 70 Sn96,5Ag3Cu0,5 0,35mm 3,0% 100g spool"
CLLSC01010,SC01 Stencil Cleaner (10L HDPE drum),cleaning fluid SC01 10L HDPE drum
FLW20400010,SelectIF 2040 Soldering Flux (10L HDPE drum),soldering flux SelectIF 2040 10L HDPE drum
FLW20401000,SelectIF 2040 Soldering Flux (1L HDPE bottle),soldering flux SelectIF 2040 1L HDPE bottle
FLW20400025,SelectIF 2040 Soldering Flux (25L HDPE drum),soldering flux SelectIF 2040 25L HDPE drum
SWIX70535SN99070,"RosIX 705 Sn99,3Cu0,7 0,7mm (3,5%) Solderwire (500g spool-6kg box)","solder wire RosIX 705 Sn99,3Cu0,7 0,7mm 3,5% 500g spool"
SGRSAC0.3-2,"Solder pellets Sn99Ag0,3Cu0,7 (2kg jar) (Ø12 - 1x1cm)","solder alloy solder pellets Sn99Ag0,3Cu0,7 2kg jar"
SGRSN6337,Solder pellets/Grenaille Sn63Pb37 (2kg jar) (Ø12 - 1x1cm),solder alloy solder pellets Sn63Pb37 2kg jar
SGRSN633706,"Solder pellets/Grenaille Sn63Pb37 (2kg jar) (Ø6 - 0,6x2cm)",solder alloy solder pellets Sn63Pb37 2kg jar
SBSN96.5AG3.50340,Solderbar (± 340kg) Sn96.5Ag3.5 (20kg box),"solder alloy solder bars Sn96,5Ag3,5 20kg box"
SBSN99.7AG03336,"Solderbar (±336g) Sn99,7Ag0,3 (20kg box)","solder alloy solder bars Sn99,7Ag0,3 20kg box"
SBSACI1000,"Solderbar (1kg) Sn95,5Ag3,8Cu0,7","solder alloy solder bars Sn95,5Ag3,8Cu0,7 20kg box"
SBSAC3051000,"Solderbar (1kg) Sn96,5Ag3Cu0,5  (25kg box)","solder alloy solder bars Sn96,5Ag3Cu0,5 20kg box"
SBSN100Q200,Solderbar (200g) Sn100-Q (20kg box),solder alloy solder bars Sn100-Q 20kg box
SBSACI0250,"Solderbar (250g) Sn95,5Ag3,8Cu0,7 (20kg box)","solder alloy solder bars Sn95,5Ag3,8Cu0,7 20kg box"
SBSN99X0325,"Solderbar (325g) Sn99,3Cu0,7 (20kg box)","solder alloy solder bars Sn99,3Cu0,7 20kg box"
SBSN970325,Solderbar (340g) Sn97Cu3 (20kg box),solder alloy solder bars Sn97Cu3 20kg box
SB6337I0350,Solderbar (350g) Sn63Pb37 (25kg box),solder alloy solder bars Sn63Pb37 20kg box
SBSN99.8X0330,"Solderbar(330g)Sn99,8Cu0,2(20kg box)","solder alloy solder bars Sn99,8Cu0,2 20kg box"
SBLMPAQ850,"Solderbars LMPA™-Q (±0,85kg) for wave soldering (±20kg box)",solder alloy solder bars LMPA 20kg box
SGRSN99100,"Solder pellets Sn99,3Cu0,7 (2kg jar) (1cm x 1cm approx.)","solder alloy solder pellets Sn99,3Cu0,7 2kg jar"
SGRSAC305-2,"Solder pellets/Grenaille Sn96,5Ag3Cu0,5 (2kg jar) (Ø12 - 1x1cm)","solder alloy solder pellets Sn96,5Ag3Cu0,5 2kg jar"
SSTLMPAQ,"Solder Stones LMPA™-Q  for selective soldering (2,5kg jar- Ø37)","solder alloy solder stones LMPA 2,5kg jar"
SBSAC3050300,"Solderbar (300g) Sn96,5Ag3Cu0,5  (25kg box)","solder alloy solder bars Sn96,5Ag3Cu0,5 20kg box"
SB6337I0350AO,Solderbar (350g) Sn63Pb37 + Anti-Oxidant (25kg box),solder alloy solder bars Sn63Pb37 20kg box
SBSAC3050600,"Solderbar (600g) Sn96,5Ag3Cu0,5  (20kg box)","solder alloy solder bars Sn96,5Ag3Cu0,5 20kg box"
SBSAC0307800,"Solderbar (800g) Sn99Ag0,3Cu0,7 (20kg box)","solder alloy solder bars Sn99Ag0,3Cu0,7 20kg box"
SWIX70535SN99100,"RosIX 705 Sn99,3Cu0,7 1,0mm (3,5%) Solderwire (500g spool-6kg box)","solder wire RosIX 705 Sn99,3Cu0,7 1,0mm 3,5% 500g spool"
TH1000010,T 1000 Conditioner (10L HDPE drum),flux conditioner T 1000 10L HDPE drum
TH1000025,T 1000 Conditioner (25L HDPE drum),flux conditioner T 1000 25L HDPE drum
TH2005M010,T 2005M Thinner (10L HDPE drum),flux thinner T 2005M 10L HDPE drum
TH2005M025,T 2005M Thinner (25L HDPE drum),flux thinner T 2005M 25L HDPE drum
FLSTARNEX10001,Tarnex 10 Water Soluble Soldering Flux (1L HDPE bottle),soldering flux Tarnex 10 1L HDPE bottle
RP65001.,TerrIFic RP 65 VOC-Free No-Clean Soldering Flux (1L bottle),soldering flux TerrIFic RP65 1L HDPE bottle
RP650500,TerrIFic RP 65 VOC-Free No-Clean Soldering Flux (500ml bottle),soldering flux TerrIFic RP65 500mL HDPE bottle
MTTIPTIN030,Tip Tinner (30g metal can),tip tinner Tip Tinner 30g metal can
FLATS15010,TS15 Soldering Flux (10L HDPE drum),soldering flux TS15 10L HDPE drum
FLATS15001,TS15 Soldering Flux (1L HDPE bottle),soldering flux TS15 1L HDPE bottle
FLATS15025,TS15 Soldering Flux (25L HDPE drum),soldering flux TS15 25L HDPE drum
FLATS18010,TS18 Soldering Flux (10L HDPE drum),soldering flux TS18 10L HDPE drum
FLATS18025,TS18 Soldering Flux (25L HDPE drum),soldering flux TS18 25L HDPE drum
FLATS33010,TS33 Soldering Flux (10L HDPE drum),soldering flux TS33 10L HDPE drum
FLATS33025,TS33 Soldering Flux (25L HDPE drum),soldering flux TS33 25L HDPE drum
FLATS33R010,TS33R Soldering Flux (10L HDPE drum),soldering flux TS33R 10L HDPE drum
FLS1100001,WSF 1100 Water Soluble Soldering Flux (1L bottle),soldering flux WSF 1100 1L HDPE bottle
FLSWSF7700010,WSF 7700 Water Soluble Soldering Flux (10L HPDE drum),soldering flux WSF 7700 10L HDPE drum
SP5720NAC3,"LP5720 Sn96,5Ag3Cu0,5 - type 3 - 88,5% Solderpaste (500g jar)","solder paste LP 5720 Sn96,5Ag3Cu0,5 88,5% 500g jar"
SP5720PAC3T4S2,"LP5720 Sn96,5Ag3Cu0,5 - type 4 - 88,3% Solderpaste (1,2kg cartridge)","solder paste LP 5720 Sn96,5Ag3Cu0,5 88,3% 1,2kg cartridge"
SP5720RAC3T4,"LP5720 Sn96,5Ag3Cu0,5 - type 4 - 88,3% Solderpaste (500g jar)","solder paste LP 5720 Sn96,5Ag3Cu0,5 88,3% 500g jar"
SP5720RAC3T5,"LP5720 Sn96,5Ag3Cu0,5 - type 5 - 88,3% Solderpaste (500g jar)","solder paste LP 5720 Sn96,5Ag3Cu0,5 88,3% 500g jar"
SP5720SCAC3,"LP5720 Sn96,5Ag3Cu0,5 - type 3 - 85% Solderpaste (10cc syringe)","solder paste LP 5720 Sn96,5Ag3Cu0,5 85% 10cc syringe"
SP5720SCAC3T4,"LP5720 Sn96,5Ag3Cu0,5 - type 4 - 85% Solderpaste (10cc syringe)","solder paste LP 5720 Sn96,5Ag3Cu0,5 85% 10cc syringe"
SP5720X,"LP5720 Sn63Pb37 - type 3 - 89,5% Solderpaste (500g jar)","solder paste LP 5720 Sn63Pb37 89,5% 500g jar"
SDP7010,"µ- dIFe 7 Sn96,5Ag3Cu0,5 - type 5 - Dip Paste (10cc syr all in one)","dip paste µ-dIFe 7 Sn96,5Ag3Cu0,5 10cc syringe all-in-one"
SBLMPAQ2500,"Solderbars LMPA™-Q (2,5kg) for wave soldering (±18,5kg box)",solder alloy solder bars LMPA 20kg box
SBLMPAQ320,Solderbars LMPA™-Q for wave soldering,solder alloy solder bars LMPA 20kg box
SP5720MAC3,"LP5720 Sn96,5Ag3Cu0,5 - type 3 - 88,5% Solderpaste (250g jar)","solder paste LP 5720 Sn96,5Ag3Cu0,5 88,5% 250g jar"
SP5720N,"LP5720 Sn62Pb36Ag2 -  type 3 - 89,5% Solderpaste (500g jar)","solder paste LP 5720 Sn62Pb36Ag2 89,5% 500g jar"
SW16SAC3100/500,"IF14-16 Sn96,5Ag3Cu0,5  1,0mm Solderwire (500g spool - 6kg box)","solder wire IF 14 Sn96,5Ag3Cu0,5 1,0mm 1,6% 500g spool"
SWF16SAC3020,"Flexsol 903 Sn96,5Ag3Cu0,5  0,2mm (1,6%) Solderwire (10g spool)","solder wire Flexsol 903 Sn96,5Ag3Cu0,5 0,2mm 1,6% 10g spool"
SWF35SAC3150,"Flexsol 903 Sn96,5Ag3Cu0,5  1.5mm (3,5%) Solderwire","solder wire Flexsol 903 Sn96,5Ag3Cu0,5 1,5mm 3,5% 500g spool"
SWLMPAQ300K02,"Plain Solderwire LMPA™-Q 3,0mm (1,5 kg on 4 kg spool)","solder alloy plain solder wire LMPA 1,5kg spool"
SWFPSAC300K04,"Plain Solderwire Sn95,5Ag3,8Cu0,7 3,0mm (4kg green spool – 16kg box)","solder alloy plain solder wire Sn95,5Ag3,8Cu0,7 4kg green spool"
SW22SAC3035,"IF14-22 Sn96,5Ag3Cu0,5 0,35mm Solderwire (6kg box-100g spool)","solder wire IF 14 Sn96,5Ag3Cu0,5 0,35mm 2,2% 100g spool"
SWIX70535SAC3100,"RosIX 705 Sn96,5Ag3Cu0,5 1,0mm (3,5%) Solderwire (500g spool-6kg box)","solder wire RosIX 705 Sn96,5Ag3Cu0,5 1,0mm 3,5% 500g spool"
SWBR135SAC070,"Bright1 (3,5%) Sn95,5Ag3,8Cu0,7 0,7mm Solderwire (500g spool-6kg box)","solder wire Bright 1 Sn95,5Ag3,8Cu0,7 0,7mm 3,5% 500g spool"
SP5505PAC4S,"DP 5505 Sn95,5Ag4Cu0,5 - type 3 - 88,5% Solderpaste (1kg cartridge)","solder paste DP 5505 Sn95,5Ag4Cu0,5 88,5% 1kg cartridge"
SP5505ICED.5NAC3,"DP 5505IC ed.5 Sn96,5Ag3Cu0,5 - type 3 - 88,5% Solderpaste (500g jar)","solder paste DP 5505 Sn96,5Ag3Cu0,5 88,5% 500g jar"
SP9009LTSCSN5/88,"IF 9009lt Sn5Pb92,5Ag2,5 - type 3 - 88% Solderpaste (10cc syringe)","solder paste IF 9009LT Sn5Pb92,5Ag2,5 88% 10cc syringe"
SW09SN63070,IF14-09 Sn63Pb37  0.7mm Solderwire (6kg box),"solder wire IF 14 Sn63Pb37 0,7mm 0,9% 500g spool"
SWFPSN99.8200K04,"Plain Solderwire Sn99,8Cu0,2 2,0mm (4kg green spool)","solder alloy plain solder wire Sn99,8Cu0,2 4kg green spool"
SGRSN99120,"Soldersticks Sn99,3Cu0,7 12,0mm (2kg jar) (4cm)","solder alloy solder pellets Sn99,3Cu0,7 2kg jar"
SW16SAC035,"IF14-16 Sn95,5Ag3,8Cu0,7  0.35mm Solderwire (100g spool)","solder wire IF 14 Sn95,5Ag3,8Cu0,7 0,35mm 1,6% 100g spool"
SW16SN96050,"IF14-16 Sn96,5Ag3,5  0.5mm Solderwire (6kg box)","solder wire IF 14 Sn96,5Ag3,5 0,5mm 1,6% 500g spool"
SWYF14SN60070,"í-Flex 400 Sn60Pb40 0,7mm (1,4%) Solderwire (500g spool)","solder wire i-Flex 400 Sn60Pb40 0,7mm 1,4% 500g spool"
SWYF16SAC03100,"í-Flex 400 Sn99Ag0,3Cu0,7 1.0mm (1,6%) Solderwire (500g spool)","solder wire i-Flex 400 Sn99Ag0,3Cu0,7 1,0mm 1,6% 500g spool"
SPQ6PLMPAQT4S2,"LMPA™-Q6 - type 4 - 89% Solderpaste (1,2kg cartridge)","solder paste LMPA™-Q6 LMPA 89% 1,2kg cartridge"
SWQF7030SAC3050,"QF 70 Sn96,5Ag3Cu0,5 0,5mm (3%) Solderwire (500g spool)","solder wire QF 70 Sn96,5Ag3Cu0,5 0,5mm 3,0% 500g spool"
